key,fullName,email,passportNumber,dateOfBirth,specialNeeds,key:booking
passenger-01,Lorem ipsum dolor sit amet consectetur adipiscing elit. Nulla facilisi. Donec vehicula erat sit amet aliquet vehicula neque ex fermentum justo eget tincidunt sapien lacus sit amet lorem. Phasellus ut orci eu odio vehicula fringilla non eu odio.,test@gmail.com,A1B2C3D4E,1981/04/09 11:30,Discapacitado,booking-01
passenger-02,A,lorem@gmail.com,ABCD12,1990/04/09 11:30,Hola esto es una cadena de prueba con 50 chars. :),booking-01
passenger-03,Pepito Sachez,pepito@gmail.com,ABCDEF123,1980/04/09 11:30,Manco,booking-02
passenger-04,Pepito Torres,torres@hotmail.com,ABCDEFGHI,1993/04/09 11:30,Ciego,booking-02
passenger-05,Pepito Gutierrez,gutierrez@gmail.com,123456789,1996/04/09 11:30,Cojo,booking-03
passenger-06,Alejandro Fernandez,alejandro@gmail.com,ABCD12345,1998/04/09 11:30,Necesita ayuda,booking-04
passenger-07,Manuel Artero,manolo@gmail.com,12345ABCD,2000/04/09 11:30,Necesito ayuda,booking-05
passenger-08,Claudio Calderon,claudio@gmail.com,12345BD,1997/04/09 11:30,Le gusta la pizza con pi√±a,booking-05
passenger-09,Juan Jimenez,juanito@gmail.com,765BDC,1983/04/09 11:30,Probando,booking-06
